Points_0,Points_1,Points_2,Points_Magnitude,absOmega,f,fs,l,l2,omega,u.x_0,u.x_1,u.x_2,u.x_Magnitude,vtkGhostType,Point ID,vtkValidPointMask
14.5163,-0.287879,0,14.5191,3.91223,0.5,0,10,-0.901801,3.91223,1.3914,-0.207043,0.0160846,1.40681,0,0,1
14.5373,-0.318182,0,14.5407,3.43417,0.5,0,10,0.765311,3.43417,1.39211,-0.0950843,0.0190911,1.39549,0,1,1
14.5142,-0.284636,0,14.517,3.92863,0.5,0,10,-0.857474,3.92863,1.38882,-0.217368,0.0148295,1.4058,0,2,1
14.4991,-0.257576,0,14.5014,3.67867,0.5,0,10,-0.577634,3.67867,1.38393,-0.27607,0.00474649,1.4112,0,3,1
14.5437,-0.325661,0,14.5473,3.24389,0.5,0,10,1.03261,3.11562,1.39487,-0.0591279,0.0173186,1.39623,0,4,1
14.5635,-0.348485,0,14.5677,1.43256,0.5,0,10,3.85711,1.05921,1.39362,0.0148481,0.00410519,1.39371,0,5,1
14.5732,-0.358491,0,14.5776,1.90247,0.5,0,10,1.90142,-0.263094,1.38065,0.0174948,-0.00607778,1.38077,0,6,1
14.5941,-0.378788,0,14.599,3.28279,0.5,0,10,-2.92688,0.381596,1.34737,-0.0203294,-0.0464111,1.34832,0,7,1
14.6027,-0.386586,0,14.6078,4.00308,0.5,0,10,-3.26133,-0.164569,1.3374,-0.029358,-0.0644071,1.33927,0,8,1
14.4908,-0.239999,0,14.4927,3.84648,0.5,0,10,0.259432,3.84648,1.38322,-0.296346,0.00154698,1.41461,0,9,1
14.628,-0.409091,0,14.6338,4.98042,0.5,0,10,6.35275,-4.58737,1.33767,0.0773251,-0.104097,1.34394,0,10,1
14.6321,-0.412978,0,14.638,6.65106,0.5,0,10,9.93536,-6.27908,1.2736,0.0993363,-0.108347,1.28206,0,11,1
14.8385,-0.408003,0,14.8441,1.4696,0.5,0,10,3.67349,-1.46105,0.907884,-0.0559658,-0.00380426,0.909615,0,12,1
14.868,-0.405571,0,14.8735,0.943642,0.5,0,10,1.74692,-0.865291,0.912563,-0.0177875,-0.00122301,0.912737,0,13,1
14.8975,-0.405614,0,14.903,0.958717,0.5,0,10,2.30578,-0.869363,0.905922,0.0156299,0.00088782,0.906058,0,14,1
14.8322,-0.409091,0,14.8378,1.76645,0.5,0,10,4.87598,-1.76288,0.905171,-0.0659438,-0.003596,0.907577,0,15,1
14.809,-0.412881,0,14.8148,3.58606,0.5,0,10,9.52077,-3.58606,0.870013,-0.0926657,-0.0020491,0.874937,0,16,1
14.927,-0.407881,0,14.9325,1.34277,0.5,0,10,3.81003,-1.32793,0.88631,0.045009,0.00224235,0.887455,0,17,1
14.9355,-0.409091,0,14.9411,1.63577,0.5,0,10,4.08413,-1.63045,0.877087,0.0528546,0.00273014,0.878682,0,18,1
14.473,-0.19697,0,14.4743,4.23856,0.5,0,10,1.52682,4.23856,1.36432,-0.310613,-0.00154125,1.39923,0,19,1
14.4798,-0.214549,0,14.4814,4.08145,0.5,0,10,1.15289,4.08135,1.37491,-0.310823,-0.000938613,1.40961,0,20,1
14.4653,-0.166667,0,14.4663,4.21704,0.5,0,10,2.70917,4.21704,1.33012,-0.290714,-0.00170769,1.36152,0,21,1
14.4582,-0.136364,0,14.4588,3.65625,0.5,0,10,3.74321,3.65625,1.30082,-0.257592,-0.00228929,1.32608,0,22,1
14.4552,-0.121757,0,14.4558,3.2535,0.5,0,10,3.98274,3.2535,1.29071,-0.235721,-0.00272273,1.31206,0,23,1
14.4522,-0.106061,0,14.4525,2.75369,0.5,0,10,4.1163,2.75369,1.28274,-0.207372,-0.00274407,1.2994,0,24,1
14.7206,-0.436833,0,14.7271,18.2451,0.5,0,10,-31.6049,-18.2451,0.55138,-0.152864,-0.00187263,0.572181,0,25,1
14.7501,-0.428669,0,14.7563,11.669,0.5,0,10,11.3665,-11.669,0.690599,-0.15363,0.0124828,0.707591,0,26,1
14.7795,-0.419876,0,14.7855,7.07405,0.5,0,10,16.3819,-7.07405,0.802159,-0.126809,0.00723317,0.812153,0,27,1
14.6997,-0.439394,0,14.7063,22.7489,0.5,0,10,-61.1776,-22.7489,0.527175,-0.0727675,-0.0251483,0.532767,0,28,1
14.6911,-0.440509,0,14.6977,24.1267,0.5,0.000643319,10,-73.0715,-24.1262,0.513694,-0.0341531,-0.0369657,0.516154,0,29,1
14.6863,-0.439394,0,14.6929,24.5143,0.5,0,10,-68.8457,-24.5143,0.553036,-0.00781195,-0.0480048,0.55517,0,30,1
14.6616,-0.43313,0,14.668,21.4963,0.5,0,10,-32.1447,-21.4466,0.793301,0.140728,-0.0860568,0.810269,0,31,1
14.9564,-0.411914,0,14.9621,2.89564,0.5,0,10,4.57161,-2.89564,0.838314,0.0729368,0.00343838,0.841488,0,32,1
14.4484,-0.0757576,0,14.4486,1.87961,0.5,0,10,4.0936,1.87961,1.26807,-0.148994,-0.00334738,1.2768,0,33,1
14.446,-0.0454545,0,14.446,1.11171,0.5,0,10,4.02785,1.11171,1.24965,-0.0902452,-0.00451074,1.25291,0,34,1
14.4444,-0.0151515,0,14.4444,0.415352,0.5,0,10,4.16622,0.348129,1.23745,-0.0298251,-0.00502918,1.23782,0,35,1
14.4435,0.0151515,0,14.4435,0.497198,0.5,0,10,4.4936,-0.476641,1.24068,0.0304754,-0.00461278,1.24107,0,36,1
14.4432,0.0454545,0,14.4433,1.35852,0.5,0,10,4.67178,-1.35852,1.25072,0.0937344,-0.00572366,1.25424,0,37,1
14.4436,0.0757576,0,14.4438,2.32355,0.5,0,10,4.51244,-2.32355,1.26719,0.157335,-0.00765084,1.27694,0,38,1
14.445,0.106061,0,14.4454,3.36943,0.5,0,10,3.9371,-3.36943,1.2897,0.216738,-0.00850871,1.30782,0,39,1
14.448,0.136364,0,14.4486,4.38986,0.5,0,10,2.60988,-4.38986,1.32066,0.266553,-0.00929718,1.34732,0,40,1
14.9859,-0.416767,0,14.9917,5.4106,0.5,0,10,2.62362,-5.4106,0.772234,0.0858867,0.00463058,0.777009,0,41,1
15.0154,-0.421573,0,15.0213,7.92928,0.5,0,10,-2.3462,-7.92928,0.704015,0.0713049,0.00588282,0.707641,0,42,1
14.4542,0.166667,0,14.4551,5.2907,0.5,0,10,0.0583869,-5.28942,1.35688,0.298311,-0.011792,1.38933,0,43,1
15.0449,-0.424974,0,15.0509,9.52163,0.5,0,10,-7.00249,-9.52163,0.65444,0.0340537,0.00666925,0.655359,0,44,1
15.0744,-0.426134,0,15.0804,9.76009,0.5,0,10,-6.61798,-9.76009,0.642211,-0.00851249,0.0063445,0.642299,0,45,1
15.1038,-0.425197,0,15.1098,8.89829,0.5,0,10,-1.96717,-8.89829,0.665307,-0.0381167,0.00513526,0.666418,0,46,1
14.4639,0.19697,0,14.4653,5.37908,0.5,0,10,-2.95865,-5.37908,1.39369,0.288969,-0.0174834,1.42344,0,47,1
14.4552,0.169689,0,14.4562,5.33701,0.5,0,10,-0.172163,-5.33701,1.3596,0.298937,-0.0121895,1.39213,0,48,1
14.4741,0.227273,0,14.4759,4.76237,0.5,0,10,-2.58288,-4.76237,1.42028,0.25422,-0.0295007,1.44315,0,49,1
14.4847,0.248386,0,14.4869,4.47546,0.5,0,10,0.629294,-4.47546,1.41046,0.200111,-0.0480929,1.42539,0,50,1
14.4897,0.257576,0,14.492,4.10233,0.5,0,10,2.48868,-4.10233,1.41045,0.166568,-0.0582659,1.42145,0,51,1
14.5056,0.287879,0,14.5084,3.26898,0.5,0,10,6.69882,-3.26898,1.36428,0.0474087,-0.0956386,1.36845,0,52,1
15.1333,-0.422995,0,15.1392,7.60504,0.5,0,10,1.91895,-7.60504,0.705644,-0.0473889,0.00372832,0.707243,0,53,1
14.4847,-0.227273,-4.33681e-19,14.4865,3.969,0.5,0,10,0.877251,3.96893,1.38264,-0.310981,-0.000609975,1.41718,0,54,1
14.4847,-0.227285,-4.33681e-19,14.4865,3.9689,0.5,0,10,0.877071,3.9689,1.38264,-0.310971,-0.000609586,1.41717,0,55,1
14.4903,-0.239022,0,14.4923,3.8563,0.5,0,10,0.313264,3.8563,1.38313,-0.297443,0.00146771,1.41475,0,56,1
14.4802,-0.21553,0,14.4818,4.07336,0.5,0,10,1.12875,4.07324,1.37554,-0.310837,-0.000969169,1.41022,0,57,1
14.5142,0.301025,0,14.5173,3.14814,0.5,0,10,4.99117,-3.14814,1.34385,-0.0045913,-0.098998,1.3475,0,58,1
15.1628,-0.420484,0,15.1686,6.44884,0.5,0,10,3.20629,-6.44884,0.746113,-0.0406449,0.00253622,0.747224,0,59,1
14.5255,0.318182,0,14.529,2.31112,0.5,0,10,0.868208,-2.23298,1.30353,-0.0607694,-0.0790806,1.30734,0,60,1
14.5437,0.343946,0,14.5478,0.755595,0.5,0,10,-7.40379,-0.343364,1.24524,-0.1413,0.0293453,1.25357,0,61,1
15.1923,-0.418367,0,15.1981,5.66284,0.5,0,10,3.07973,-5.66284,0.778076,-0.02593,0.00164699,0.778509,0,62,1
14.5472,0.348485,0,14.5513,0.743653,0.5,0,10,-8.21168,-0.321779,1.23333,-0.152755,0.0479886,1.24368,0,63,1
14.5637,0.367581,0,14.5683,1.9161,0.5,0,10,3.93599,0.0563415,1.15067,-0.20734,0.120525,1.1754,0,64,1
14.5613,0.364882,0,14.5659,1.72992,0.5,0,10,2.34898,-0.0204176,1.16328,-0.197954,0.105236,1.18469,0,65,1
15.2218,-0.417035,0,15.2275,5.26021,0.5,0,10,2.65817,-5.26021,0.798907,-0.00883413,0.00103376,0.798956,0,66,1
14.5732,0.378555,0,14.5781,2.58444,0.5,0,10,10.9403,0.270466,1.1033,-0.238725,0.162148,1.14042,0,67,1
14.5734,0.378788,0,14.5783,2.58618,0.5,0,10,11.1077,0.269091,1.10295,-0.240302,0.163069,1.14054,0,68,1
14.5867,0.392006,0,14.592,3.96669,0.5,0,10,25.2923,2.56011,1.0759,-0.304886,0.152907,1.12867,0,69,1
14.5841,0.389391,0,14.5893,3.66802,0.5,0,10,22.6885,2.07112,1.08504,-0.289037,0.148869,1.13271,0,70,1
15.2513,-0.416664,0,15.2569,5.21605,0.5,0,10,2.36562,-5.21605,0.808176,0.00815643,0.000650145,0.808217,0,71,1
14.927,0.408259,0,14.9325,2.35647,0.5,0,10,3.30257,2.35647,0.870897,-0.0400331,-0.00086942,0.871817,0,72,1
14.8975,0.406092,0,14.903,1.92808,0.5,0,10,2.24545,1.92808,0.889615,-0.0208644,0.000573377,0.88986,0,73,1
14.9336,0.409091,0,14.9392,2.54578,0.5,0,10,3.45797,2.54578,0.864272,-0.0441855,-0.00115388,0.865401,0,74,1
14.9564,0.411805,0,14.9621,3.62234,0.5,0,10,3.80962,3.62234,0.826983,-0.0598478,-0.00186308,0.829148,0,75,1
14.868,0.405763,0,14.8735,1.75619,0.5,0,10,1.67663,1.75619,0.896018,0.00184367,0.00169478,0.896021,0,76,1
14.8385,0.407556,0,14.8441,1.93512,0.5,0,10,2.24667,1.93512,0.890656,0.0307177,0.00252174,0.891189,0,77,1
14.8275,0.409091,0,14.8331,2.18851,0.5,0,10,3.0445,2.18851,0.884569,0.0450743,0.00320923,0.885722,0,78,1
14.6027,0.407841,0,14.6083,5.55799,0.5,0,10,42.8305,5.22291,1.05405,-0.373868,0.124114,1.12525,0,79,1
14.6039,0.409091,0,14.6096,6.06016,0.5,0,10,41.6812,5.91085,1.05273,-0.375351,0.121451,1.12422,0,80,1
14.6321,0.432934,0,14.6385,21.8087,0.5,0,10,-38.8206,21.7954,0.710438,-0.268048,0.0323782,0.760014,0,81,1
14.809,0.411568,0,14.8147,3.03976,0.5,0,10,4.59551,3.03976,0.858869,0.0641033,0.0040348,0.861268,0,82,1
15.2807,-0.417294,0,15.2864,5.52778,0.5,0,10,2.2496,-5.52778,0.805989,0.0236889,0.000372733,0.806338,0,83,1
15.1628,0.419847,0,15.1686,6.87875,0.5,0,10,2.61161,6.87875,0.742175,0.0399416,0.00341852,0.743257,0,84,1
15.1333,0.422316,0,15.1392,7.98345,0.5,0,10,1.14764,7.98345,0.702364,0.0415856,0.00159592,0.703596,0,85,1
15.1923,0.417538,0,15.198,6.01469,0.5,0,10,2.69717,6.01469,0.776264,0.0292884,0.00467198,0.776831,0,86,1
15.1038,0.424237,0,15.1098,9.04107,0.5,0,10,-2.36632,9.04107,0.666678,0.0284293,-0.000232191,0.667284,0,87,1
15.0744,0.424794,0,15.0803,9.54804,0.5,0,10,-5.48304,9.54804,0.650697,-0.000162282,-0.00146558,0.650699,0,88,1
15.0449,0.423424,0,15.0508,9.06348,0.5,0,10,-4.69282,9.06348,0.66666,-0.0351112,-0.00197904,0.667587,0,89,1
15.0154,0.420226,0,15.0213,7.5799,0.5,0,10,-0.821775,7.5799,0.711754,-0.0618393,-0.00215952,0.714438,0,90,1
14.9859,0.416004,0,14.9917,5.55039,0.5,0,10,2.57231,5.55039,0.770094,-0.0703254,-0.00221363,0.773302,0,91,1
14.7795,0.417474,0,14.7854,5.44168,0.5,0,10,8.31207,5.44168,0.79773,0.0982452,0.00490228,0.803772,0,92,1
14.7501,0.425338,0,14.7562,8.67303,0.5,0,10,12.8106,8.67303,0.707995,0.126488,-0.000841327,0.719206,0,93,1
14.7206,0.433797,0,14.727,12.6385,0.5,0,10,13.4059,12.6385,0.587264,0.157043,-0.0155166,0.608097,0,94,1
14.6979,0.439394,0,14.7045,18.3155,0.5,0,10,-28.4971,18.3155,0.497963,0.165983,-0.0246592,0.525476,0,95,1
14.6493,0.439394,0,14.6559,25.724,0.5,0,10,-77.813,25.724,0.552471,-0.0962859,0.00132072,0.5608,0,96,1
15.2218,0.415852,0,15.2275,5.47454,0.5,0,10,2.40095,5.47454,0.800786,0.0149703,0.00521126,0.800943,0,97,1
14.6911,0.441117,0,14.6977,19.4136,0.5,0.00099385,10,-39.4142,19.413,0.466148,0.15959,-0.0262533,0.493409,0,98,1
14.6616,0.44342,0,14.6683,25.1048,0.5,0.00232241,10,-91.3319,25.0985,0.448131,-0.00162523,-0.0130548,0.448324,0,99,1
15.2513,0.41503,0,15.2569,5.26377,0.5,0,10,2.11184,5.26377,0.81463,5.13017e-05,0.00516704,0.814646,0,100,1
15.2807,0.415166,0,15.2864,5.37515,0.5,0,10,2.01624,5.37515,0.81756,-0.0140838,0.00468756,0.817694,0,101,1
15.3102,-0.41884,0,15.3159,6.19375,0.5,0,10,2.15603,-6.19375,0.792716,0.0361737,1.65969e-05,0.79354,0,102,1
15.3102,0.416234,0,15.3159,5.80288,0.5,0,10,2.09192,5.80288,0.809846,-0.0266104,0.00379399,0.810292,0,103,1
15.3397,-0.421059,0,15.3455,7.18356,0.5,0,10,1.70253,-7.18356,0.769747,0.0432141,-0.000591391,0.77096,0,104,1
15.3397,0.418078,0,15.3454,6.54839,0.5,0,10,2.08438,6.54839,0.792312,-0.0361748,0.00235433,0.793141,0,105,1
15.3692,-0.42352,0,15.375,8.37335,0.5,0,10,0.250515,-8.37335,0.740999,0.0412688,-0.00168135,0.742149,0,106,1
15.3692,0.420376,0,15.3749,7.57088,0.5,0,10,1.52367,7.57088,0.767326,-0.0400903,0.000409776,0.768373,0,107,1
15.3987,-0.425622,0,15.4045,9.47784,0.5,0,10,-2.27096,-9.47784,0.714301,0.0280035,-0.00351254,0.714858,0,108,1
15.3987,0.422628,0,15.4045,8.70069,0.5,0,10,-0.159072,8.70069,0.740317,-0.0348615,-0.00147288,0.741139,0,109,1
15.4281,-0.426756,0,15.4341,10.1381,0.5,0,10,-4.26078,-10.1381,0.699885,0.00577194,-0.00588475,0.699934,0,110,1
15.4281,0.424232,0,15.434,9.62633,0.5,0,10,-2.52738,9.62633,0.720082,-0.0192414,-0.00233561,0.720343,0,111,1
15.4576,-0.426564,0,15.4635,10.1328,0.5,0,10,-3.74838,-10.1328,0.705228,-0.018686,-0.00794988,0.705521,0,112,1
15.4576,0.424688,0,15.4635,10.0231,0.5,0,10,-3.59471,10.0231,0.71579,0.00315295,-0.00141332,0.715798,0,113,1
15.4871,-0.425099,0,15.4929,9.50435,0.5,0,10,-1.28625,-9.50435,0.729939,-0.0376849,-0.00888731,0.730965,0,114,1
15.4871,0.423836,0,15.4929,9.76209,0.5,0,10,-2.20541,9.76209,0.731421,0.0248819,0.00107021,0.731845,0,115,1
15.5166,-0.422771,0,15.5224,8.51595,0.5,0,10,0.915279,-8.51595,0.765971,-0.0463922,-0.00845184,0.767421,0,116,1
15.5166,0.421919,0,15.5223,8.99392,0.5,0,10,0.0341522,8.99392,0.762765,0.0391147,0.00404405,0.763778,0,117,1
15.5461,-0.42014,0,15.5518,7.47842,0.5,0,10,2.00805,-7.47842,0.803923,-0.0450157,-0.00693306,0.805212,0,118,1
15.5461,0.419435,0,15.5517,8.00308,0.5,0,10,1.44279,8.00308,0.800929,0.0435582,0.00646669,0.802139,0,119,1
15.5756,-0.417693,0,15.5812,6.59292,0.5,0,10,2.37246,-6.59292,0.837422,-0.0369336,-0.00496259,0.83825,0,120,1
15.5756,0.416915,0,15.5811,7.03013,0.5,0,10,2.12234,7.03013,0.837874,0.0396705,0.0077414,0.838849,0,121,1
15.605,-0.415759,0,15.6106,5.95363,0.5,0,10,2.32631,-5.95363,0.862955,-0.0255307,-0.00328518,0.863339,0,122,1
15.605,0.414772,0,15.6106,6.24959,0.5,0,10,2.31503,6.24959,0.868282,0.0300987,0.00765514,0.868837,0,123,1
15.6345,-0.414502,0,15.64,5.59361,0.5,0,10,2.1057,-5.59361,0.878998,-0.013408,-0.00247046,0.879103,0,124,1
15.6345,0.413249,0,15.64,5.76644,0.5,0,10,2.10273,5.76644,0.889338,0.0185453,0.00626901,0.889553,0,125,1
15.664,-0.413966,0,15.6695,5.50454,0.5,0,10,1.9755,-5.50454,0.885352,-0.00204622,-0.00256051,0.885358,0,126,1
15.664,0.412416,0,15.6694,5.54802,0.5,0,10,1.88215,5.54802,0.900299,0.00809538,0.0040367,0.900345,0,127,1
15.6935,-0.414127,0,15.699,5.68042,0.5,0,10,2.07971,-5.68042,0.882582,0.0080681,-0.00298155,0.882623,0,128,1
15.6935,0.412273,0,15.6989,5.52719,0.5,0,10,2.0761,5.52719,0.901219,-0.00166676,0.00176677,0.901222,0,129,1
15.723,-0.414909,0,15.7284,6.1174,0.5,0,10,2.28518,-6.1174,0.871856,0.0163897,-0.00297648,0.872016,0,130,1
15.723,0.412806,0,15.7284,5.77159,0.5,0,10,2.56752,5.77159,0.892264,-0.0121264,0.00018355,0.892346,0,131,1
15.7525,-0.416169,0,15.7579,6.77842,0.5,0,10,2.237,-6.77842,0.854937,0.02172,-0.00226592,0.855216,0,132,1
15.7525,0.413941,0,15.7579,6.35219,0.5,0,10,2.80828,6.35219,0.874707,-0.0212869,-0.000343623,0.874966,0,133,1
15.7819,-0.417677,0,15.7875,7.57591,0.5,0,10,1.70352,-7.57591,0.834604,0.0224255,-0.0013315,0.834907,0,134,1
15.7819,0.415483,0,15.7874,7.179,0.5,0,10,2.4228,7.179,0.851577,-0.0257503,0.000238026,0.851966,0,135,1
15.8114,-0.419113,0,15.817,8.36227,0.5,0,10,0.822337,-8.36227,0.814945,0.0174215,-0.000951798,0.815132,0,136,1
15.8114,0.417119,0,15.8169,8.08211,0.5,0,10,1.36957,8.08211,0.827467,-0.0236559,0.00186755,0.827807,0,137,1
15.8409,-0.420136,0,15.8465,8.95895,0.5,0,10,0.034205,-8.95895,0.801145,0.00740458,-0.00156687,0.801181,0,138,1
15.8409,0.418448,0,15.8464,8.8678,0.5,0,10,0.0384653,8.8678,0.80821,-0.0146364,0.00431058,0.808354,0,139,1
15.8704,-0.4205,0,15.8759,9.23654,0.5,0,10,-0.204709,-9.23654,0.79779,-0.00506006,-0.00306677,0.797812,0,140,1
15.8704,0.419103,0,15.8759,9.33234,0.5,0,10,-0.730188,9.33234,0.799779,-0.000588279,0.00697118,0.79981,0,141,1
15.8999,-0.420121,0,15.9054,9.16836,0.5,0,10,0.155258,-9.16836,0.806661,-0.0165972,-0.00494069,0.806847,0,142,1
15.8999,0.418888,0,15.9054,9.36478,0.5,0,10,-0.447649,9.36478,0.805974,0.0141559,0.00930035,0.806152,0,143,1
15.9293,-0.419089,0,15.9349,8.82742,0.5,0,10,0.766495,-8.82742,0.825877,-0.0242752,-0.00658888,0.82626,0,144,1
15.9293,0.417854,0,15.9348,9.02662,0.5,0,10,0.367478,9.02662,0.825757,0.0250274,0.011011,0.82621,0,145,1
15.9588,-0.417621,0,15.9643,8.34807,0.5,0,10,1.33387,-8.34807,0.851108,-0.0269318,-0.00766131,0.851568,0,146,1
15.9588,0.416244,0,15.9643,8.4773,0.5,0,10,1.12899,8.4773,0.854179,0.0300992,0.0120146,0.854793,0,147,1
15.9883,-0.415966,0,15.9937,7.85172,0.5,0,10,1.76856,-7.85172,0.878042,-0.025328,-0.00804166,0.878444,0,148,1
15.9883,0.414371,0,15.9937,7.86475,0.5,0,10,1.75498,7.86475,0.885801,0.0295432,0.0125277,0.886382,0,149,1
16.0178,-0.414346,0,16.0231,7.4103,0.5,0,10,2.06632,-7.4103,0.903477,-0.0207621,-0.00748089,0.903747,0,150,1
16.0178,0.41254,0,16.0231,7.31315,0.5,0,10,2.13203,7.31315,0.916073,0.0247584,0.0128105,0.916497,0,151,1
16.0473,-0.412929,0,16.0526,7.07805,0.5,0,10,2.19065,-7.07805,0.92515,-0.0146249,-0.00569256,0.925283,0,152,1
16.0473,0.410959,0,16.0525,6.90092,0.5,0,10,2.2386,6.90092,0.941903,0.0182763,0.0127763,0.942167,0,153,1
16.0768,-0.411804,0,16.082,6.87229,0.5,0,10,2.16358,-6.87229,0.941761,-0.00881633,-0.00303692,0.941807,0,154,1
16.0768,0.409719,0,16.082,6.64049,0.5,0,10,2.26783,6.64049,0.961778,0.0124187,0.0121035,0.961934,0,155,1
16.1062,-0.410996,0,16.1115,6.76779,0.5,0,10,2.09864,-6.76779,0.952842,-0.00423662,-0.000537305,0.952851,0,156,1
16.098,0.409091,0,16.1032,6.53515,0.5,0,10,2.33914,6.53515,0.971451,0.00946012,0.0109475,0.971558,0,157,1
16.1357,-0.410492,0,16.1409,6.74929,0.5,0,10,2.06435,-6.74929,0.958102,-0.00102954,0.00104035,0.958103,0,158,1
16.1062,0.408836,0,16.1114,6.50203,0.5,0,10,2.35271,6.50203,0.973515,0.00787649,0.0104491,0.973603,0,159,1
16.1357,0.408333,0,16.1409,6.453,0.5,0,10,2.52187,6.453,0.976644,0.00378922,0.00767818,0.976682,0,160,1
16.1652,-0.410262,0,16.1704,6.78393,0.5,0,10,2.15864,-6.78393,0.957885,0.000853387,0.00157112,0.957887,0,161,1
16.1652,0.408202,0,16.1704,6.49055,0.5,0,10,2.7358,6.49055,0.975595,0.000140906,0.00415214,0.975604,0,162,1
16.1947,-0.410269,0,16.1999,6.85612,0.5,0,10,2.38709,-6.85612,0.953538,0.00267765,0.00139358,0.953543,0,163,1
16.1947,0.408368,0,16.1998,6.62649,0.5,0,10,2.91669,6.62649,0.97051,-0.00265355,0.000716864,0.970514,0,164,1
16.2242,-0.410455,0,16.2294,7.00433,0.5,0,10,2.53281,-7.00433,0.946879,0.00471979,0.00115085,0.946891,0,165,1
16.2242,0.408743,0,16.2293,6.81322,0.5,0,10,3.15636,6.81322,0.962043,-0.00425366,-0.0014061,0.962054,0,166,1
16.2536,-0.410737,0,16.2588,7.2219,0.5,0,10,2.48065,-7.2219,0.939795,0.00580146,0.00145487,0.939815,0,167,1
16.2446,0.409091,0,16.2497,6.96023,0.5,0,10,3.34285,6.96023,0.955002,-0.00512552,-0.00187264,0.955018,0,168,1
16.2831,-0.411024,0,16.2883,7.45175,0.5,0,10,2.32172,-7.45175,0.933725,0.00540005,0.00267796,0.933745,0,169,1
16.2536,0.40924,0,16.2588,7.02765,0.5,0,10,3.40998,7.02765,0.950825,-0.00577358,-0.00207274,0.950845,0,170,1
16.3126,-0.411236,0,16.3178,7.64653,0.5,0,10,2.16776,-7.64653,0.929639,0.00370925,0.004644,0.929658,0,171,1
16.2831,0.409756,0,16.2883,7.30124,0.5,0,10,3.29805,7.30124,0.937665,-0.00751492,-0.00257498,0.937699,0,172,1
16.3126,0.410184,0,16.3178,7.59877,0.5,0,10,2.76689,7.59877,0.92757,-0.00712948,-0.00424659,0.927607,0,173,1
16.3421,-0.411302,0,16.3473,7.77566,0.5,0,10,2.07549,-7.77566,0.92826,0.00110481,0.00658914,0.928284,0,174,1
16.3421,0.410416,0,16.3472,7.85085,0.5,0,10,2.15493,7.85085,0.921335,-0.00424741,-0.00716291,0.921373,0,175,1
16.3716,-0.411177,0,16.3767,7.8219,0.5,0,10,2.04155,-7.8219,0.930359,-0.0019725,0.00777021,0.930394,0,176,1
16.3716,0.41038,0,16.3767,7.99543,0.5,0,10,1.99035,7.99543,0.918853,0.00036055,-0.00971646,0.918904,0,177,1
16.4011,-0.410831,0,16.4062,7.77257,0.5,0,10,2.07718,-7.77257,0.93646,-0.00504419,0.00783082,0.936506,0,178,1
16.4011,0.410047,0,16.4062,8.03675,0.5,0,10,2.15138,8.03675,0.91842,0.00516649,-0.0106167,0.918495,0,179,1
16.4305,-0.410262,0,16.4357,7.6438,0.5,0,10,2.16221,-7.6438,0.946342,-0.00725481,0.00685023,0.946395,0,180,1
16.4305,0.409446,0,16.4356,8.00885,0.5,0,10,2.1312,8.00885,0.92183,0.00981627,-0.00928199,0.921929,0,181,1
16.46,-0.409482,0,16.4651,7.50636,0.5,0,10,2.13972,-7.50636,0.959633,-0.00848327,0.0054281,0.959686,0,182,1
16.4426,0.409091,0,16.4477,7.98077,0.5,0,10,2.15999,7.98077,0.923529,0.0114487,-0.00737685,0.92363,0,183,1
16.4717,-0.409091,0,16.4768,7.46625,0.5,0,10,2.0925,-7.46625,0.966248,-0.00906759,0.00504424,0.966304,0,184,1
16.46,0.40856,0,16.4651,7.92878,0.5,0,10,2.14366,7.92878,0.923033,0.0129976,-0.00461724,0.923136,0,185,1
16.4895,0.407493,0,16.4945,7.83554,0.5,0,10,2.30832,7.83554,0.923948,0.0134547,-0.00142612,0.924047,0,186,1
16.4895,-0.408468,0,16.4946,7.40315,0.5,0,10,1.9743,-7.40315,0.972169,-0.0090137,0.00443875,0.972221,0,187,1
16.519,-0.407268,0,16.524,7.30287,0.5,0,10,1.76994,-7.30287,0.983472,-0.00964943,0.00445534,0.98353,0,188,1
16.519,0.406302,0,16.524,7.73983,0.5,0,10,1.92672,7.73983,0.934767,0.0115643,-0.00203299,0.934841,0,189,1
16.5485,-0.405932,0,16.5534,7.1641,0.5,0,10,1.58587,-7.1641,0.995886,-0.010503,0.00517025,0.995955,0,190,1
16.5485,0.404899,0,16.5534,7.72236,0.5,0,10,1.16392,7.72236,0.950999,0.0105195,-0.0025755,0.951061,0,191,1
16.5779,-0.404491,0,16.5829,6.97265,0.5,0,10,1.38964,-6.97265,1.00906,-0.0109426,0.00557218,1.00914,0,192,1
16.5779,0.403326,0,16.5829,7.66692,0.5,0,10,0.843986,7.66692,0.969731,0.0128449,-0.00184701,0.969818,0,193,1
16.6074,-0.402966,0,16.6123,6.72931,0.5,0,10,1.15472,-6.72931,1.02288,-0.0105756,0.00465662,1.02295,0,194,1
16.6074,0.401708,0,16.6123,7.43089,0.5,0,10,0.861449,7.43089,0.990322,0.0153031,-0.000399214,0.99044,0,195,1
16.6369,-0.401364,0,16.6418,6.45541,0.5,0,10,0.913478,-6.45541,1.03693,-0.00924811,0.00229971,1.03698,0,196,1
16.6369,0.400134,0,16.6417,7.10263,0.5,0,10,0.981912,7.10263,1.01183,0.0155878,0.00112539,1.01195,0,197,1
16.6664,-0.399689,0,16.6712,6.20902,0.5,0,10,0.733614,-6.20902,1.05035,-0.00731899,-0.000247033,1.05038,0,198,1
16.6664,0.39863,0,16.6712,6.76412,0.5,0,10,1.08134,6.76412,1.0333,0.0140649,0.00248076,1.0334,0,199,1
16.6959,-0.39796,0,16.7006,6.07446,0.5,0,10,0.715273,-6.07446,1.0606,-0.00599469,-0.000899653,1.06061,0,200,1
16.6959,0.397194,0,16.7006,6.43772,0.5,0,10,1.08774,6.43772,1.05398,0.0119553,0.00361034,1.05405,0,201,1
16.7254,-0.396242,0,16.7301,6.06746,0.5,0,10,0.700818,-6.06746,1.06705,-0.00632607,0.000156579,1.06707,0,202,1
16.7254,0.395826,0,16.73,6.10441,0.5,0,10,1.07834,6.10441,1.0736,0.0100637,0.00452465,1.07366,0,203,1
16.7548,-0.394626,0,16.7595,6.064,0.5,0,10,0.661668,-6.064,1.07442,-0.00737926,0.000524419,1.07445,0,204,1
16.7548,0.394531,0,16.7595,5.75508,0.5,0,10,1.13728,5.75508,1.09154,0.0083138,0.00507225,1.09158,0,205,1
16.7843,-0.393182,0,16.7889,5.94819,0.5,0,10,0.85443,-5.94819,1.08698,-0.00734164,-0.000531457,1.08701,0,206,1
16.7843,0.393304,0,16.7889,5.39883,0.5,0,10,1.20828,5.39883,1.10777,0.00597088,0.00530066,1.1078,0,207,1
16.8138,-0.391907,0,16.8184,5.73227,0.5,0,10,1.09891,-5.73227,1.10401,-0.00601161,-0.0019731,1.10403,0,208,1
16.8138,0.392126,0,16.8184,5.09663,0.5,0,10,1.27292,5.09663,1.12111,0.00318943,0.00517338,1.12113,0,209,1
16.8433,-0.390741,0,16.8478,5.45775,0.5,0,10,1.18436,-5.45451,1.12249,-0.00414161,-0.00293529,1.1225,0,210,1
16.8433,0.390954,0,16.8478,4.83231,0.5,0,10,1.43328,4.83231,1.13218,4.77227e-05,0.00552926,1.13219,0,211,1
16.8728,-0.389621,0,16.8773,5.1763,0.5,0,10,1.27421,-5.16337,1.13923,-0.00242256,-0.00336198,1.13924,0,212,1
16.8728,0.390284,0,16.8773,4.73885,0.5,0,10,1.4211,4.73561,1.14958,-0.00232944,0.00768805,1.14961,0,213,1
16.9023,-0.388488,0,16.9067,4.86695,0.5,0,10,1.47828,-4.84839,1.15311,-0.00119949,-0.00305596,1.15311,0,214,1
16.9023,0.38982,0,16.9067,4.68213,0.5,0,10,1.31702,4.67138,1.17265,-0.00254782,0.00915293,1.17269,0,215,1
16.9317,-0.387308,0,16.9362,4.5731,0.5,0,10,1.68468,-4.54948,1.16298,-0.000368886,-0.00147484,1.16299,0,216,1
16.9317,0.387725,0,16.9362,4.50022,0.5,0,10,1.45227,4.47968,1.1668,-0.00583231,0.00628215,1.16683,0,217,1
16.9612,-0.38606,0,16.9656,4.27029,0.5,0,10,1.71654,-4.23526,1.17141,0.00157125,0.000767353,1.17141,0,218,1
16.9612,0.385989,0,16.9656,4.32757,0.5,0,10,1.55559,4.29599,1.16765,-0.00791974,0.00500912,1.16769,0,219,1
16.9907,-0.384857,0,16.9951,4.00222,0.5,0,10,1.75702,-3.95186,1.18361,0.00195731,0.00227939,1.18361,0,220,1
16.9907,0.384507,0,16.9951,4.10644,0.5,0,10,1.75538,4.05685,1.1754,-0.00646274,0.00444201,1.17543,0,221,1
17.0202,-0.383456,0,17.0245,3.71263,0.5,0,10,2.09023,-3.65676,1.1936,0.000434626,0.00315358,1.1936,0,222,1
17.0202,0.383005,0,17.0245,3.74571,0.5,0,10,2.21821,3.68944,1.18068,-0.00468019,0.00460811,1.1807,0,223,1
17.0497,-0.38173,0,17.0539,3.39164,0.5,0,10,2.65657,-3.36089,1.19499,-0.00252399,0.00490278,1.195,0,224,1
17.0497,0.381411,0,17.0539,3.41239,0.5,0,10,2.71362,3.37916,1.1827,-0.00195606,0.00570923,1.18271,0,225,1
17.0791,-0.379735,0,17.0834,3.11029,0.5,0,10,3.16649,-3.10928,1.19152,-0.00830381,0.00710261,1.19157,0,226,1
17.0791,0.379634,0,17.0834,3.11342,0.5,0,10,2.65853,3.11233,1.18623,0.00183712,0.00705841,1.18626,0,227,1
17.091,-0.378788,0,17.0952,3.01188,0.5,0,10,3.13995,-3.01126,1.1894,-0.0093624,0.00755168,1.18946,0,228,1
17.0908,0.378788,0,17.095,3.05053,0.5,0,10,2.4873,3.04985,1.18977,0.00457264,0.0073727,1.1898,0,229,1
17.1086,-0.377327,0,17.1128,2.91323,0.5,0,10,2.93811,-2.91323,1.18584,-0.00951169,0.00801785,1.1859,0,230,1
17.1381,-0.374685,0,17.1422,2.85896,0.5,0,10,1.78775,-2.85896,1.18843,-0.00701887,0.00775538,1.18848,0,231,1
17.1086,0.377432,0,17.1128,3.09764,0.5,0,10,2.096,3.09764,1.18701,0.00702109,0.00751502,1.18706,0,232,1
17.1381,0.374818,0,17.1422,3.1118,0.5,0,10,1.55953,3.1118,1.18841,0.012391,0.00679965,1.18849,0,233,1
17.1676,-0.371867,0,17.1716,2.8576,0.5,0,10,0.892561,-2.8576,1.19848,-0.00470229,0.00708602,1.19851,0,234,1
17.1676,0.371846,0,17.1716,2.90641,0.5,0,10,1.16062,2.90641,1.19816,0.0113176,0.00572714,1.19822,0,235,1
17.1971,-0.36886,0,17.201,2.8096,0.5,0,10,0.719765,-2.80727,1.21276,-0.0025159,0.00649175,1.21278,0,236,1
17.1971,0.368657,0,17.201,2.76522,0.5,0,10,0.854064,2.76059,1.2143,0.00635878,0.00498226,1.21432,0,237,1
17.2266,-0.365646,0,17.2304,2.74095,0.5,0,10,0.653562,-2.69279,1.22842,0.000104153,0.00626076,1.22844,0,238,1
17.2266,0.365304,0,17.2304,2.68756,0.5,0,10,0.602184,2.63,1.23155,0.00218814,0.00492275,1.23156,0,239,1
17.256,-0.362215,0,17.2598,2.57902,0.5,0,10,0.683091,-2.47136,1.24403,0.00250915,0.0064268,1.24405,0,240,1
17.256,0.36175,0,17.2598,2.49501,0.5,0,10,0.700068,2.37511,1.24766,-0.000694337,0.00544375,1.24767,0,241,1
17.2855,-0.35857,0,17.2892,2.27161,0.5,0,10,1.026,-2.12198,1.25823,0.00554303,0.00672562,1.25826,0,242,1
17.2855,0.358002,0,17.2892,2.15908,0.5,0,10,1.1195,1.99956,1.26191,-0.00452264,0.00610962,1.26194,0,243,1
17.315,-0.354759,0,17.3186,1.86423,0.5,0,10,1.31044,-1.73557,1.27021,0.00728951,0.00683239,1.27025,0,244,1
17.315,0.35412,0,17.3186,1.72229,0.5,0,10,1.36759,1.58713,1.2743,-0.00614533,0.00654094,1.27433,0,245,1
17.3445,-0.350655,0,17.348,1.2894,0.5,0,10,1.47166,-1.19859,1.28488,0.00411048,0.0064748,1.28491,0,246,1
17.3445,0.349907,0,17.348,1.09596,0.5,0,10,1.51958,0.983987,1.29033,-0.00345473,0.00646324,1.29035,0,247,1
17.3575,-0.348485,0,17.361,0.993966,0.5,0,10,1.55461,-0.875018,1.29597,0.00442771,0.00606117,1.29599,0,248,1
17.3528,0.348485,0,17.3563,0.909677,0.5,0,10,1.56352,0.774496,1.29776,-0.00431803,0.00627288,1.29778,0,249,1
17.374,-0.345586,0,17.3774,1.02592,0.5,0,10,1.5528,-0.780068,1.2967,0.00495218,0.00506794,1.29672,0,250,1
17.4034,-0.340154,0,17.4068,1.48275,0.5,0,10,1.02556,-0.698039,1.30495,0.010599,0.00344566,1.30499,0,251,1
17.374,0.344736,0,17.3774,0.998846,0.5,0,10,1.54493,0.658424,1.29897,-0.00638921,0.00514389,1.29899,0,252,1
17.4034,0.339333,0,17.4068,1.52985,0.5,0,10,0.991329,0.595845,1.30744,-0.012647,0.00370625,1.30751,0,253,1
17.4329,-0.334501,0,17.4361,2.04536,0.5,0,10,0.580035,-0.569109,1.31943,0.0178959,0.00250429,1.31956,0,254,1
17.4329,0.333728,0,17.4361,2.09478,0.5,0,10,0.579258,0.480329,1.32188,-0.0205702,0.002887,1.32204,0,255,1
17.4624,-0.328658,0,17.4655,1.9398,0.5,0,10,0.710603,-0.474899,1.33909,0.0264725,0.00214407,1.33936,0,256,1
17.4624,0.327954,0,17.4655,1.90486,0.5,0,10,0.761697,0.404916,1.34154,-0.0287269,0.00265137,1.34185,0,257,1
17.4919,-0.322452,0,17.4949,0.997529,0.5,0,10,1.08942,-0.227201,1.36901,0.0258201,0.00198887,1.36925,0,258,1
17.4919,0.321761,0,17.4949,0.935156,0.5,0,10,1.15371,0.10246,1.372,-0.0274075,0.00264136,1.37227,0,259,1
17.5081,-0.318182,0,17.511,0.401343,0.5,0,10,1.24827,0.365778,1.39447,0.0265951,0.00191083,1.39472,0,260,1
17.5054,0.318182,0,17.5083,0.444191,0.5,0,10,1.26618,-0.414809,1.39316,-0.0287983,0.00264958,1.39346,0,261,1
17.5214,-0.314432,0,17.5242,0.579491,0.5,0,10,1.1561,0.522875,1.40146,0.0256527,0.00158399,1.4017,0,262,1
17.5509,-0.305723,0,17.5535,1.73664,0.5,0,10,1.00385,1.0531,1.41651,0.0435671,0.000974266,1.41718,0,263,1
17.5214,0.313703,0,17.5242,0.683493,0.5,0,10,1.12716,-0.62876,1.40104,-0.0286317,0.00228096,1.40133,0,264,1
17.5509,0.305144,0,17.5535,1.81325,0.5,0,10,0.984044,-1.13009,1.41558,-0.0480066,0.00183828,1.41639,0,265,1
17.5803,-0.296896,0,17.5828,2.45488,0.5,0,10,1.15935,1.34997,1.44242,0.0614914,0.000536093,1.44373,0,266,1
17.5803,0.296431,0,17.5828,2.46557,0.5,0,10,1.19387,-1.39029,1.44188,-0.0656819,0.00168333,1.44337,0,267,1
17.6052,-0.287879,0,17.6075,2.16576,0.5,0,10,1.37288,2.16576,1.48428,0.0753474,0.000278444,1.48619,0,268,1
17.604,0.287879,0,17.6063,2.16834,0.5,0,10,1.37857,-2.16834,1.48159,-0.0788391,0.00167401,1.48369,0,269,1
17.6098,-0.285982,0,17.6121,2.17732,0.5,0,10,1.37706,2.17732,1.48781,0.0768938,0.000170696,1.4898,0,270,1
17.6393,-0.273259,0,17.6414,2.76109,0.5,0,10,1.20993,2.64435,1.50838,0.102009,-0.000238171,1.51183,0,271,1
17.6098,0.285504,0,17.6121,2.18436,0.5,0,10,1.37655,-2.18436,1.48602,-0.0807751,0.00157404,1.48821,0,272,1
17.6393,0.272924,0,17.6414,2.78221,0.5,0,10,1.20833,-2.6642,1.50636,-0.106473,0.00122189,1.51012,0,273,1
17.6688,-0.259361,0,17.6707,3.7925,0.5,0,10,1.41121,3.62253,1.54869,0.140548,-0.000291712,1.55505,0,274,1
17.6688,0.259018,0,17.6707,3.77094,0.5,0,10,1.43976,-3.62972,1.54677,-0.144926,0.00121824,1.55355,0,275,1
17.6715,-0.257576,0,17.6734,3.75826,0.5,0,10,1.37853,3.74272,1.55329,0.144685,-0.000280432,1.56002,0,276,1
17.671,0.257576,0,17.6729,3.73889,0.5,0,10,1.41431,-3.72574,1.55045,-0.148226,0.00121612,1.55752,0,277,1
17.6983,-0.241293,0,17.6999,3.98685,0.5,0,10,0.34486,3.90974,1.5679,0.178559,-0.000361527,1.57803,0,278,1
17.7173,-0.227273,0,17.7188,4.62895,0.5,0,10,-0.542049,4.62895,1.58028,0.211488,-0.000186834,1.59437,0,279,1
17.6983,0.241009,0,17.6999,3.95437,0.5,0,10,0.409307,-3.87517,1.56492,-0.182354,0.000953439,1.57551,0,280,1
17.7169,0.227273,0,17.7183,4.56472,0.5,0,10,-0.364062,-4.56472,1.57677,-0.21386,0.000992044,1.5912,0,281,1
17.7278,-0.21883,0,17.7291,4.7815,0.5,0,10,-1.5268,4.7815,1.5778,0.231029,-0.000181472,1.59462,0,282,1
17.7507,-0.19697,0,17.7518,5.00051,0.5,0,10,-1.09632,5.00051,1.55789,0.267114,0.000115751,1.58062,0,283,1
17.7278,0.218489,0,17.7291,4.70738,0.5,0,10,-1.31527,-4.70738,1.57416,-0.233805,0.000914681,1.59142,0,284,1
17.7503,0.19697,0,17.7514,4.90902,0.5,0,10,-0.786786,-4.90902,1.55466,-0.267905,0.000866279,1.57757,0,285,1
17.7572,-0.189741,0,17.7582,4.8987,0.5,0,10,-0.636814,4.8987,1.54661,0.279648,0.000161027,1.57169,0,286,1
17.775,-0.166667,0,17.7758,4.41352,0.5,0,10,1.50699,4.41352,1.5033,0.289105,0.000431941,1.53085,0,287,1
17.7572,0.189271,0,17.7582,4.79527,0.5,0,10,-0.269647,-4.79527,1.54279,-0.280735,0.000834277,1.56813,0,288,1
17.7747,0.166667,0,17.7755,4.32237,0.5,0,10,1.76557,-4.32237,1.50098,-0.28903,0.00071893,1.52855,0,289,1
17.7867,-0.147293,0,17.7873,3.65281,0.5,0,10,4.17879,3.65281,1.46427,0.295023,0.000492463,1.49369,0,290,1
17.7933,-0.136364,0,17.7938,3.28594,0.5,0,10,4.6826,3.28594,1.44487,0.287432,0.000518698,1.47318,0,291,1
17.7867,0.146663,0,17.7873,3.54442,0.5,0,10,4.41923,-3.54442,1.46117,-0.294343,0.000637254,1.49053,0,292,1
17.7929,0.136364,0,17.7934,3.20145,0.5,0,10,4.85576,-3.20145,1.44323,-0.286968,0.000573337,1.47148,0,293,1
17.8053,-0.106061,0,17.8056,2.33178,0.5,0,10,6.39981,2.32834,1.39011,0.25938,0.000331775,1.4141,0,294,1
17.8133,-0.0757576,0,17.8134,1.36695,0.5,0,10,8.37166,1.32567,1.34483,0.215358,1.72751e-05,1.36197,0,295,1
17.8162,-0.059786,0,17.8163,0.89598,0.5,0,10,9.5306,0.838505,1.33038,0.176848,-0.000123498,1.34208,0,296,1
17.8162,0.0587455,0,17.8163,0.819594,0.5,0,10,9.64965,-0.752957,1.32977,-0.173393,-0.000376247,1.34103,0,297,1
17.813,0.0757576,0,17.8132,1.30035,0.5,0,10,8.44327,-1.25244,1.34486,-0.21392,-6.36364e-05,1.36176,0,298,1
17.805,0.106061,0,17.8053,2.25289,0.5,0,10,6.5044,-2.24764,1.38926,-0.25845,0.000345849,1.41309,0,299,1
17.8189,-0.0454545,0,17.8189,0.703509,0.5,0,10,10.1915,0.591544,1.318,0.140808,-0.000260841,1.3255,0,300,1
17.8187,0.0454545,0,17.8188,0.662425,0.5,0,10,10.2468,-0.538949,1.31853,-0.140449,-0.000643538,1.32599,0,301,1
17.8217,-0.0151515,0,17.8217,0.263802,0.5,0,10,11.3318,0.216112,1.30378,0.0470694,-0.000602597,1.30463,0,302,1
17.8216,0.0151515,0,17.8216,0.254584,0.5,0,10,11.3594,-0.162475,1.30397,-0.0486821,-0.000892253,1.30488,0,303,1
